,건물면적,경도,도서관명,도서관유형,시군구명,시도명,열람좌석수,위도,자료수,좌표
0,1234.0,127.08755655959999,중랑구립면목정보도서관,공공도서관,중랑구,서울특별시,227,37.5873561521,112846,"37.5873561521, 127.08755655959999"
1,977.8,127.103926,중랑숲어린이도서관,공공도서관,중랑구,서울특별시,303,37.602634,50731,"37.602634, 127.103926"
2,133.0,127.0748924744,중화어린이도서관,공공도서관,중랑구,서울특별시,30,37.595003999999996,23799,"37.595003999999996, 127.0748924744"
3,970.78,127.110697,양원숲속도서관,공공도서관,중랑구,서울특별시,252,37.606825,29716,"37.606825, 127.110697"
4,1753.41,127.080932,중랑상봉도서관,공공도서관,중랑구,서울특별시,268,37.5931272353,26780,"37.5931272353, 127.080932"
5,3697.0,127.1304765731,송파글마루도서관,공공도서관,송파구,서울특별시,414,37.480832692199996,69064,"37.480832692199996, 127.1304765731"
6,1273.0,127.0824284892,송파어린이도서관,공공도서관,송파구,서울특별시,60,37.5121012604,85296,"37.5121012604, 127.0824284892"
7,886.0,127.1468273964,거마도서관,공공도서관,송파구,서울특별시,244,37.493545000000005,44147,"37.493545000000005, 127.1468273964"
8,177.0,127.1180408616,소나무언덕1호,공공도서관,송파구,서울특별시,38,37.5274169166,18480,"37.5274169166, 127.1180408616"
9,329.0,127.09421729809999,소나무언덕2호,공공도서관,송파구,서울특별시,72,37.507266666199996,22286,"37.507266666199996, 127.09421729809999"
10,343.0,127.15661899999999,소나무언덕3호,공공도서관,송파구,서울특별시,84,37.492325,24750,"37.492325, 127.15661899999999"
11,246.0,127.116836,소나무언덕4호,공공도서관,송파구,서울특별시,45,37.502207,17330,"37.502207, 127.116836"
12,510.0,127.07887195709999,소나무언덕 잠실본동,공공도서관,송파구,서울특별시,63,37.5031008494,23052,"37.5031008494, 127.07887195709999"
13,595.0,127.10298301430001,송파어린이영어,공공도서관,송파구,서울특별시,60,37.5223926038,19293,"37.5223926038, 127.10298301430001"
14,265.0,127.1036854792,돌마리도서관,공공도서관,송파구,서울특별시,55,37.5035646147,16380,"37.5035646147, 127.1036854792"
15,914.0,127.1439359526,송파위례도서관,공공도서관,송파구,서울특별시,140,37.4811666537,15645,"37.4811666537, 127.1439359526"
16,5060.0,126.92826740000001,은평구립도서관,공공도서관,은평구,서울특별시,958,37.61897412,259379,"37.61897412, 126.92826740000001"
17,2110.0,126.9076711057,증산정보도서관,공공도서관,은평구,서울특별시,511,37.5828079079,71917,"37.5828079079, 126.9076711057"
18,999.0,126.9196820594,응암정보도서관,공공도서관,은평구,서울특별시,250,37.5859665629,72038,"37.5859665629, 126.9196820594"
19,311.7,126.9289423548,상림마을작은도서관,공공도서관,은평구,서울특별시,60,37.6442159908,37261,"37.6442159908, 126.9289423548"
20,1997.0,126.9331183475,은평뉴타운 도서관,공공도서관,은평구,서울특별시,420,37.6372303968,54409,"37.6372303968, 126.9331183475"
21,5106.0,127.0869050507,중랑구립정보도서관,공공도서관,중랑구,서울특별시,594,37.6151557,231096,"37.6151557, 127.0869050507"
22,1724.86,126.96736899999999,사당솔밭도서관,공공도서관,동작구,서울특별시,280,37.484056,62011,"37.484056, 126.96736899999999"
23,525.0,126.9509960718,동작상도국주도서관,공공도서관,동작구,서울특별시,100,37.5068219493,47410,"37.5068219493, 126.9509960718"
24,444.3,126.94343400000001,동작어린이도서관,공공도서관,동작구,서울특별시,130,37.509204429,50692,"37.509204429, 126.94343400000001"
25,391.3,126.9252221319,대방어린이도서관,공공도서관,동작구,서울특별시,50,37.5030242235,25363,"37.5030242235, 126.9252221319"
26,598.0,126.9474396,약수도서관,공공도서관,동작구,서울특별시,47,37.497851000000004,34821,"37.497851000000004, 126.9474396"
27,241.0,126.977553,동작샘터도서관,작은도서관,동작구,서울특별시,50,37.488360899999996,24667,"37.488360899999996, 126.977553"
28,183.0,126.9732460032,다울작은도서관,작은도서관,동작구,서울특별시,8,37.4788487,5368,"37.4788487, 126.9732460032"
29,36.0,126.9405908581,국사봉숲속작은도서관,작은도서관,동작구,서울특별시,10,37.4954320648,2826,"37.4954320648, 126.9405908581"
30,704.0,126.949749,중앙동 새싹작은도서관,작은도서관,관악구,서울특별시,40,37.484165999999995,10502,"37.484165999999995, 126.949749"
31,786.0,126.95859899999999,청림동 푸른숲작은도서관,작은도서관,관악구,서울특별시,20,37.491797,14778,"37.491797, 126.95859899999999"
32,1447.0,126.95705900000002,행운동 마루작은도서관,작은도서관,관악구,서울특별시,20,37.480593,11487,"37.480593, 126.95705900000002"
33,1441.0,126.941694,청룡동 숯고을작은도서관,작은도서관,관악구,서울특별시,20,37.479107,19086,"37.479107, 126.941694"
34,2004.0,126.95836499999999,낙성동 우듬지작은도서관,작은도서관,관악구,서울특별시,20,37.476264,13124,"37.476264, 126.95836499999999"
35,721.0,126.915527,미성동 책의향기작은도서관,작은도서관,관악구,서울특별시,20,37.476132,14968,"37.476132, 126.915527"
36,617.0,126.93296399999998,삼성동 샛별작은도서관,작은도서관,관악구,서울특별시,10,37.470073,14220,"37.470073, 126.93296399999998"
37,6985.0,126.96021499999999,책쉼터,작은도서관,관악구,서울특별시,20,37.472972999999996,3723,"37.472972999999996, 126.96021499999999"
38,1364.0,126.91618500000001,신림청소년독서실,작은도서관,관악구,서울특별시,74,37.480177000000005,8736,"37.480177000000005, 126.91618500000001"
39,2552.0,126.946069,관악산 詩도서관,작은도서관,관악구,서울특별시,14,37.468115999999995,5781,"37.468115999999995, 126.946069"
40,132.0,126.959727,낙성대공원도서관,작은도서관,관악구,서울특별시,28,37.471383,6091,"37.471383, 126.959727"
41,358.0,126.919945,하난곡작은도서관,작은도서관,관악구,서울특별시,38,37.4767912,13105,"37.4767912, 126.919945"
42,32572.0,126.95148700000001,용꿈꾸는 작은도서관,작은도서관,관악구,서울특별시,57,37.478127,19853,"37.478127, 126.95148700000001"
43,56.57,126.929827,도림천에서 용나는 작은도서관,작은도서관,관악구,서울특별시,12,37.480942,5542,"37.480942, 126.929827"
44,235.71,126.944781,꿈나무 영유아도서관,작은도서관,관악구,서울특별시,50,37.467081,6671,"37.467081, 126.944781"
45,1308.0,126.944781,보라매동 다사랑작은도서관,작은도서관,관악구,서울특별시,15,37.467081,14014,"37.467081, 126.944781"
46,455.0,126.94152700000001,은천동 한울작은도서관,작은도서관,관악구,서울특별시,20,37.486875,30483,"37.486875, 126.94152700000001"
47,1497.0,126.96524699999999,인헌동 보물섬 작은도서관,작은도서관,관악구,서울특별시,24,37.475044,36834,"37.475044, 126.96524699999999"
48,2271.0,126.921644,난곡동 책사랑 작은도서관,작은도서관,관악구,서울특별시,16,37.470991,15530,"37.470991, 126.921644"
49,1809.0,126.91878500000001,난향동 뜰안에작은도서관,작은도서관,관악구,서울특별시,22,37.164460999999996,19853,"37.164460999999996, 126.91878500000001"
50,2448.0,126.9778675,남현동 우리작은도서관,작은도서관,관악구,서울특별시,60,37.474517999999996,27377,"37.474517999999996, 126.9778675"
51,1037.0,126.927118,신림동 굴렁쇠작은도서관,작은도서관,관악구,서울특별시,12,37.487372,14042,"37.487372, 126.927118"
52,780.0,126.93498400000001,서림동 글사랑작은도서관,작은도서관,관악구,서울특별시,20,37.474961,14818,"37.474961, 126.93498400000001"
53,665.0,126.927333,신원동 울타리작은도서관,작은도서관,관악구,서울특별시,20,37.481565,13881,"37.481565, 126.927333"
54,695.0,126.91908899999999,신사동 해오름작은도서관,작은도서관,관악구,서울특별시,20,37.485923,17088,"37.485923, 126.91908899999999"
55,1311.0,126.93136489999999,서원동 어울작은도서관,작은도서관,관악구,서울특별시,20,37.479734,12224,"37.479734, 126.93136489999999"
56,1184.0,126.936927,대학동 녹두작은도서관,작은도서관,관악구,서울특별시,20,37.470597999999995,8815,"37.470597999999995, 126.936927"
57,1461.0,126.948077,성현동 파랑새작은도서관,작은도서관,관악구,서울특별시,50,37.489512,21290,"37.489512, 126.948077"
58,1364.0,126.91618500000001,신림청소년독서실,작은도서관,관악구,서울특별시,96,37.480177000000005,8000,"37.480177000000005, 126.91618500000001"
59,14279.0,126.94473500000001,관악문화관도서관,공공도서관,관악구,서울특별시,547,37.467135,219136,"37.467135, 126.94473500000001"
60,693.0,126.959668,글빛정보도서관,공공도서관,관악구,서울특별시,134,37.486252,65785,"37.486252, 126.959668"
61,1974.0,126.956096,성현동작은도서관,공공도서관,관악구,서울특별시,60,37.487704,52353,"37.487704, 126.956096"
62,2974.0,126.942434,은천동작은도서관,공공도서관,관악구,서울특별시,89,37.485298,45587,"37.485298, 126.942434"
63,2668.0,126.90777299999999,조원작은도서관,공공도서관,관악구,서울특별시,210,34.482544,62703,"34.482544, 126.90777299999999"
64,902.0,126.95858799999999,책이랑놀이랑,작은도서관,관악구,서울특별시,35,37.479991999999996,13589,"37.479991999999996, 126.95858799999999"
65,2552.0,126.946069,관악산 詩도서관,작은도서관,관악구,서울특별시,14,37.468115999999995,5944,"37.468115999999995, 126.946069"
66,132.0,126.959727,낙성대공원도서관,작은도서관,관악구,서울특별시,28,37.471383,6841,"37.471383, 126.959727"
67,358.0,126.919945,하난곡작은도서관,작은도서관,관악구,서울특별시,38,37.4767912,13809,"37.4767912, 126.919945"
68,32572.0,126.95148700000001,용꿈꾸는 작은도서관,작은도서관,관악구,서울특별시,57,37.478127,20739,"37.478127, 126.95148700000001"
69,56.57,126.929827,도림천에서 용나는 작은도서관,작은도서관,관악구,서울특별시,12,37.480942,6130,"37.480942, 126.929827"
70,235.71,126.944781,꿈나무 영유아도서관,작은도서관,관악구,서울특별시,50,37.467081,6974,"37.467081, 126.944781"
71,0.0,126.952747,서울대입구역 U-도서관,작은도서관,관악구,서울특별시,0,37.481239,144,"37.481239, 126.952747"
72,0.0,126.913024,신대방역 U-도서관,작은도서관,관악구,서울특별시,0,37.487396999999994,48,"37.487396999999994, 126.913024"
73,0.0,126.94248700000001,봉천역 U-도서관,작은도서관,관악구,서울특별시,0,37.482332,112,"37.482332, 126.94248700000001"
74,0.0,126.96373899999999,낙성대역 U-도서관,작은도서관,관악구,서울특별시,0,37.476975,112,"37.476975, 126.96373899999999"
75,0.0,126.929681,신림역 U-도서관,작은도서관,관악구,서울특별시,0,37.484224,112,"37.484224, 126.929681"
76,1550.0,126.956625,봉현작은도서관,작은도서관,관악구,서울특별시,35,37.4871775,12359,"37.4871775, 126.956625"
77,495.0,126.94645700000001,청룡작은도서관,작은도서관,관악구,서울특별시,25,37.478018,12359,"37.478018, 126.94645700000001"
78,642.0,126.931802,삼성작은도서관,작은도서관,관악구,서울특별시,30,37.464073,10732,"37.464073, 126.931802"
79,94.29,126.94619499999999,숲속작은도서관,작은도서관,관악구,서울특별시,20,37.458841,3070,"37.458841, 126.94619499999999"
80,902.0,126.95858799999999,책이랑놀이랑,작은도서관,관악구,서울특별시,35,37.479991999999996,12875,"37.479991999999996, 126.95858799999999"
81,6985.0,126.96021499999999,책쉼터,작은도서관,관악구,서울특별시,20,37.472972999999996,3870,"37.472972999999996, 126.96021499999999"
82,94.29,126.94619499999999,숲속작은도서관,작은도서관,관악구,서울특별시,20,37.458841,3070,"37.458841, 126.94619499999999"
83,70.71,126.9312529,지웰작은도서관,작은도서관,은평구,서울특별시,15,37.64427599,3172,"37.64427599, 126.9312529"
84,324.0,126.96760591719999,구립 청파도서관,공공도서관,용산구,서울특별시,75,37.5539248195,32758,"37.5539248195, 126.96760591719999"
85,113.14,126.9685012617,청파 어린이 영어도서관,작은도서관,용산구,서울특별시,24,37.5454736959,17368,"37.5454736959, 126.9685012617"
86,113.14,126.98469285879999,용암 어린이 영어도서관,작은도서관,용산구,서울특별시,24,37.5410187594,16710,"37.5410187594, 126.98469285879999"
87,150.86,126.990478255,북카페 청마루,작은도서관,용산구,서울특별시,32,37.532452654800004,5500,"37.532452654800004, 126.990478255"
88,155.57,126.9781504584,후암동작은도서관 북앤캠프,작은도서관,용산구,서울특별시,33,37.5486978477,6808,"37.5486978477, 126.9781504584"
89,94.29,126.98556994020001,해다올 작은도서관,작은도서관,용산구,서울특별시,20,37.5460752787,10341,"37.5460752787, 126.98556994020001"
90,61.29,126.973090878,남영동 작은도서관,작은도서관,용산구,서울특별시,13,37.5457054867,8616,"37.5457054867, 126.973090878"
91,94.29,126.9515482962,원효로제2동 작은도서관 두드림,작은도서관,용산구,서울특별시,20,37.5343532215,5508,"37.5343532215, 126.9515482962"
92,188.57,126.96184001350001,효창동 작은도서관,작은도서관,용산구,서울특별시,40,37.5425092453,11765,"37.5425092453, 126.96184001350001"
93,80.14,126.95758291879999,오렌지나무 작은도서관,작은도서관,용산구,서울특별시,17,37.5389542495,7235,"37.5389542495, 126.95758291879999"
94,160.29,126.9692280709,한강로동 작은도서관,작은도서관,용산구,서울특별시,34,37.528142242600005,7522,"37.528142242600005, 126.9692280709"
95,122.57,126.9546577844,이촌2동 작은도서관,작은도서관,용산구,서울특별시,26,37.5262814836,5974,"37.5262814836, 126.9546577844"
96,56.57,126.9901964343,회나무 작은도서관,작은도서관,용산구,서울특별시,12,37.5419023243,6594,"37.5419023243, 126.9901964343"
97,183.86,127.00026701559999,한남동 작은도서관,작은도서관,용산구,서울특별시,39,37.5348569089,8406,"37.5348569089, 127.00026701559999"
98,94.29,126.9946516618,서빙고동 작은도서관,작은도서관,용산구,서울특별시,20,37.5204767979,4645,"37.5204767979, 126.9946516618"
99,70.71,127.00018100690001,작은도서관 꿈꾸는 책마을,작은도서관,용산구,서울특별시,15,37.5263009993,4696,"37.5263009993, 127.00018100690001"
100,169.71,127.00018100690001,별밭 작은도서관,작은도서관,용산구,서울특별시,36,37.5263009993,5470,"37.5263009993, 127.00018100690001"
101,117.86,126.9227981301,마고정 작은도서관,작은도서관,은평구,서울특별시,25,37.63395286,3501,"37.63395286, 126.9227981301"
102,235.71,126.929022,꿈지락작은도서관,작은도서관,은평구,서울특별시,50,37.63174889,7000,"37.63174889, 126.929022"
103,282.86,126.9211419425,꿈꾸는i작은도서관,작은도서관,은평구,서울특별시,60,37.640262400000005,4700,"37.640262400000005, 126.9211419425"
104,188.57,126.92963540000001,응암도서관,작은도서관,은평구,서울특별시,40,37.60030754,17271,"37.60030754, 126.92963540000001"
105,141.43,126.92007609999999,푸른풀밭 작은도서관,작은도서관,은평구,서울특별시,30,37.59883886,4000,"37.59883886, 126.92007609999999"
106,37.71,126.92316890000001,응암2동 매바위북카페 (응암2동 주민센터),작은도서관,은평구,서울특별시,8,37.59434778,3136,"37.59434778, 126.92316890000001"
107,75.43,126.92069440000002,꿈샘도서관,작은도서관,은평구,서울특별시,16,37.59262923,6832,"37.59262923, 126.92069440000002"
108,47.14,126.9144370871,불광천 작은도서관 (응암정보도서관 운영),작은도서관,은평구,서울특별시,10,37.5904858592,4964,"37.5904858592, 126.9144370871"
109,235.71,126.91675015950001,서문어린이도서관,작은도서관,은평구,서울특별시,50,37.59165203,6451,"37.59165203, 126.91675015950001"
110,141.43,126.9213295,은평어린이영어도서관 (평생학습관 1층),작은도서관,은평구,서울특별시,30,37.6077869,14814,"37.6077869, 126.9213295"
111,141.43,126.91517830000001,역마루 작은도서관 (역촌동 주민센터),작은도서관,은평구,서울특별시,30,37.60435017,5041,"37.60435017, 126.91517830000001"
112,282.86,126.9150085,예뜰도서관,작은도서관,은평구,서울특별시,60,37.59970722,13000,"37.59970722, 126.9150085"
113,188.57,126.9185323915,꿈꾸는 작은도서관 (꿈꾸는 다락방),작은도서관,은평구,서울특별시,40,37.601996215999996,2400,"37.601996215999996, 126.9185323915"
114,188.57,126.9124473,초록길도서관,작은도서관,은평구,서울특별시,40,37.6039323,8045,"37.6039323, 126.9124473"
115,94.29,126.91889350000001,꿈마루 작은 도서관,작은도서관,은평구,서울특별시,20,37.60262325,1200,"37.60262325, 126.91889350000001"
116,75.43,126.91203349999999,청소년문화공간JU역촌동  작은 도서관,작은도서관,은평구,서울특별시,16,37.60549462,4500,"37.60549462, 126.91203349999999"
117,188.57,126.9121456,신사어린이도서관,작은도서관,은평구,서울특별시,40,37.598048937,9206,"37.598048937, 126.9121456"
118,103.71,126.907082,시루뫼쉼터 (증산동 주민센터),작은도서관,은평구,서울특별시,22,37.58425844,2989,"37.58425844, 126.907082"
119,141.43,126.9073025923,성산작은도서관,작은도서관,은평구,서울특별시,30,37.5841771285,5286,"37.5841771285, 126.9073025923"
120,70.71,126.9111446384,서영 영어전문 작은도서관,작은도서관,은평구,서울특별시,15,37.5865298724,3026,"37.5865298724, 126.9111446384"
121,94.29,126.90525929999998,이아이야작은도서관,작은도서관,은평구,서울특별시,20,37.58251157,1534,"37.58251157, 126.90525929999998"
122,94.29,126.9299824191,은평노인종합복지관 작은 도서관,작은도서관,은평구,서울특별시,20,37.6322515345,5047,"37.6322515345, 126.9299824191"
123,2550.0,126.9130879469,구산동 도서관마을,공공도서관,은평구,서울특별시,350,37.6095101902,65745,"37.6095101902, 126.9130879469"
124,1982.0,126.907816,내를건너서숲으로도서관,공공도서관,은평구,서울특별시,170,37.591414,31159,"37.591414, 126.907816"
125,1075.0,126.9199290898,은뜨락도서관,공공도서관,은평구,서울특별시,188,37.6301404375,9042,"37.6301404375, 126.9199290898"
126,66.0,126.92882355,은평작은도서관,작은도서관,은평구,서울특별시,14,37.6024569702,12958,"37.6024569702, 126.92882355"
127,212.14,126.93514829680001,녹번만화도서관,작은도서관,은평구,서울특별시,45,37.6011055255,3197,"37.6011055255, 126.93514829680001"
128,33.0,126.9368368,Book Bridge 작은 도서관,작은도서관,은평구,서울특별시,7,37.59957186,5521,"37.59957186, 126.9368368"
129,282.86,126.9297845,은광교회도서관,작은도서관,은평구,서울특별시,60,37.6127035625,15000,"37.6127035625, 126.9297845"
130,235.71,126.9264056222,바다의 별 작은도서관,작은도서관,은평구,서울특별시,50,37.6152603469,5402,"37.6152603469, 126.9264056222"
131,84.86,126.92079930959999,비전뜰 도서관,작은도서관,은평구,서울특별시,18,37.6257009642,3000,"37.6257009642, 126.92079930959999"
132,94.29,126.9275146,다니엘 작은도서관,작은도서관,은평구,서울특별시,20,37.62578369,4340,"37.62578369, 126.9275146"
133,28.29,126.9287908705,천주교연신내성당 북카페,작은도서관,은평구,서울특별시,6,37.6272305269,1506,"37.6272305269, 126.9287908705"
134,56.57,126.9285396,꿈담은 작은 도서관,작은도서관,은평구,서울특별시,12,37.62566023,2000,"37.62566023, 126.9285396"
135,51.86,126.916679,갈현1동 고리마루작은도서관 (갈현1동 주민센터),작은도서관,은평구,서울특별시,11,37.6236871299,5343,"37.6236871299, 126.916679"
136,188.57,126.91929270000001,정임도서관,작은도서관,은평구,서울특별시,40,37.62781878,4900,"37.62781878, 126.91929270000001"
137,94.29,126.91577761280001,효경골 마을문고 (갈현2동 주민센터),작은도서관,은평구,서울특별시,20,37.6186769946,9675,"37.6186769946, 126.91577761280001"
138,103.71,126.91618600000001,청소년도서관 작공,작은도서관,은평구,서울특별시,22,37.61491999,1948,"37.61491999, 126.91618600000001"
139,75.43,126.9075233,무지개영어도서관,작은도서관,은평구,서울특별시,16,37.61494677,2527,"37.61494677, 126.9075233"
140,264.0,126.9207138,대조꿈나무어린이도서관,작은도서관,은평구,서울특별시,56,37.61387527,15068,"37.61387527, 126.9207138"
141,207.43,126.9253585,대조제일교회  꿈꾸는 작은도서관,작은도서관,은평구,서울특별시,44,37.61191616,8491,"37.61191616, 126.9253585"
142,47.14,126.91834399999999,징검다리 도서관,작은도서관,은평구,서울특별시,10,37.61079028,7808,"37.61079028, 126.91834399999999"
143,235.71,126.92690400000001,은평문화의집 작은도서관 (응암1동 주민센터),작은도서관,은평구,서울특별시,50,37.60075892,11063,"37.60075892, 126.92690400000001"
144,66.0,127.02790859999999,쌍문3동 공립 작은도서관,작은도서관,서울특별시 도봉구,서울특별시,10,37.648943700000004,20253,"37.648943700000004, 127.02790859999999"
145,60.0,127.02836880000001,쌍문4동 공립 작은도서관,작은도서관,서울특별시 도봉구,서울특별시,18,37.6564188,12874,"37.6564188, 127.02836880000001"
146,81.0,127.04378,창1동 공립 작은도서관,작은도서관,서울특별시 도봉구,서울특별시,12,37.64833,14855,"37.64833, 127.04378"
147,47.0,127.0356396,창2동 공립 작은도서관,작은도서관,서울특별시 도봉구,서울특별시,2,37.6413898,13212,"37.6413898, 127.0356396"
148,50.0,127.04287,창3동 공립 작은도서관,작은도서관,서울특별시 도봉구,서울특별시,16,37.63811,10908,"37.63811, 127.04287"
149,26.0,127.05153999999999,창4동 공립 작은도서관,작은도서관,서울특별시 도봉구,서울특별시,0,37.6522,14498,"37.6522, 127.05153999999999"
150,318.0,127.0434809,창5동 공립 작은도서관,작은도서관,서울특별시 도봉구,서울특별시,42,37.6562098,20056,"37.6562098, 127.0434809"
151,392.0,127.04302390000001,북서울중학교 도서관,학교도서관,서울특별시 도봉구,서울특별시,0,37.6813005,29884,"37.6813005, 127.04302390000001"
152,206.0,127.03857659999998,창북중학교 도서관,학교도서관,서울특별시 도봉구,서울특별시,0,37.649470799999996,26488,"37.649470799999996, 127.03857659999998"
153,218.0,127.04704960000001,도봉구청사 행복작은도서관,작은도서관,서울특별시 도봉구,서울특별시,21,37.6686287,30135,"37.6686287, 127.04704960000001"
154,2743.0,127.0129824,서울특별시교육청도봉도서관(종합자료실),공공도서관,서울특별시 도봉구,서울특별시,78,37.6525847,161366,"37.6525847, 127.0129824"
155,2743.0,127.0129,서울특별시교육청도봉도서관(어린이자료실),공공도서관,서울특별시 도봉구,서울특별시,61,37.652570000000004,56850,"37.652570000000004, 127.0129"
156,2743.0,127.01296629999999,서울특별시교육청도봉도서관(디지털자료실),공공도서관,서울특별시 도봉구,서울특별시,56,37.6527461,11580,"37.6527461, 127.01296629999999"
157,3216.0,127.04388270000001,도봉문화정보도서관(종합자료실),공공도서관,서울특별시 도봉구,서울특별시,80,37.64458079999999,45083,"37.64458079999999, 127.04388270000001"
158,3216.0,127.04388270000001,도봉문화정보도서관(어린이열람실),공공도서관,서울특별시 도봉구,서울특별시,48,37.64458079999999,26012,"37.64458079999999, 127.04388270000001"
159,1498.0,127.0494699,도봉어린이문화정보도서관(영 유아),공공도서관,서울특별시 도봉구,서울특별시,50,37.659007200000005,20095,"37.659007200000005, 127.0494699"
160,4489.0,127.0502436,도봉 기적의 도서관,공공도서관,서울특별시 도봉구,서울특별시,0,37.6807721,20732,"37.6807721, 127.0502436"
161,1498.0,127.0494699,도봉어린이문화정보도서관(디지털자료실),공공도서관,서울특별시 도봉구,서울특별시,8,37.659007200000005,1017,"37.659007200000005, 127.0494699"
162,1498.0,127.0494699,"도봉어린이문화정보센터(자료열람실, 잉글리시 아일랜드)",공공도서관,서울특별시 도봉구,서울특별시,67,37.659007200000005,44710,"37.659007200000005, 127.0494699"
163,1781.0,127.0278197,학마을도서관 (종합자료실),공공도서관,서울특별시 도봉구,서울특별시,36,37.6621078,35368,"37.6621078, 127.0278197"
164,1781.0,127.02781999999999,학마을도서관 (어린이 자료실),공공도서관,서울특별시 도봉구,서울특별시,0,37.66211,21390,"37.66211, 127.02781999999999"
165,103.0,127.03033,방학동영유아플라자,공공도서관,서울특별시 도봉구,서울특별시,0,37.66323,15917,"37.66323, 127.03033"
166,46.0,127.0411,창동영유아플라자,공공도서관,서울특별시 도봉구,서울특별시,0,37.63351,5702,"37.63351, 127.0411"
167,356.0,127.0428608,무수골 도서관,어린이도서관,서울특별시 도봉구,서울특별시,12,37.682958899999996,31848,"37.682958899999996, 127.0428608"
168,105.0,127.04063670000001,방학1동 공립 작은도서관,작은도서관,서울특별시 도봉구,서울특별시,13,37.6641869,13328,"37.6641869, 127.04063670000001"
169,60.0,127.0350425,방학2동 공립 작은도서관,작은도서관,서울특별시 도봉구,서울특별시,6,37.668177,14298,"37.668177, 127.0350425"
170,269.0,127.02382,방학3동 공립 작은도서관,작은도서관,서울특별시 도봉구,서울특별시,26,37.659890000000004,24289,"37.659890000000004, 127.02382"
171,83.0,127.04335690000002,도봉1동 공립 작은도서관,작은도서관,서울특별시 도봉구,서울특별시,2,37.678670399999994,15170,"37.678670399999994, 127.04335690000002"
172,53.0,127.0465415,도봉2동 공립 작은도서관,작은도서관,서울특별시 도봉구,서울특별시,12,37.6696229,14187,"37.6696229, 127.0465415"
173,90.0,127.02603640000001,쌍문1동 공립 작은도서관,작은도서관,서울특별시 도봉구,서울특별시,6,37.6479992,14542,"37.6479992, 127.02603640000001"
174,71.0,127.03875079999999,쌍문2동 공립 작은도서관,작은도서관,서울특별시 도봉구,서울특별시,12,37.6580211,17620,"37.6580211, 127.03875079999999"
175,107.0,126.952155,꿈을이루는작은도서관,작은도서관,마포구,서울특별시,20,37.547105,16827,"37.547105, 126.952155"
176,181.0,126.90231599999998,아름드리작은도서관,작은도서관,마포구,서울특별시,20,37.560313,17834,"37.560313, 126.90231599999998"
177,168.0,126.94236799999999,해오름작은도서관,작은도서관,마포구,서울특별시,32,37.555848,16065,"37.555848, 126.94236799999999"
178,165.0,126.908975,성메작은도서관,작은도서관,마포구,서울특별시,20,37.56861,18208,"37.56861, 126.908975"
179,188.0,126.90142,성산글마루작은도서관,작은도서관,마포구,서울특별시,20,37.569702,15268,"37.569702, 126.90142"
180,174.0,126.95549399999999,늘푸른소나무작은도서관,작은도서관,마포구,서울특별시,20,37.542233,18356,"37.542233, 126.95549399999999"
181,350.0,126.951922,복사골작은도서관,작은도서관,마포구,서울특별시,35,37.539535,14527,"37.539535, 126.951922"
182,190.0,126.94283,용강동작은도서관,작은도서관,마포구,서울특별시,20,37.542328000000005,14426,"37.542328000000005, 126.94283"
183,260.0,126.951225,초록숲작은도서관,작은도서관,마포구,서울특별시,50,37.552161,8852,"37.552161, 126.951225"
184,269.0,126.88051499999999,마포푸르메어린이도서관,공공도서관,마포구,서울특별시,70,37.584644,11465,"37.584644, 126.88051499999999"
185,5131.0,126.908442,마포중앙도서관,공공도서관,마포구,서울특별시,620,37.564019,131407,"37.564019, 126.908442"
186,426.0,126.90161599999999,마포구립하늘도서관,공공도서관,마포구,서울특별시,130,37.566379,37657,"37.566379, 126.90161599999999"
187,1146.0,126.93205900000001,마포구립서강도서관,공공도서관,마포구,서울특별시,209,37.547737,70348,"37.547737, 126.93205900000001"
188,216.48,126.951922,마포어린이영어도서관,어린이도서관,마포구,서울특별시,20,37.539535,20514,"37.539535, 126.951922"
189,221.33,126.90568400000001,꿈나래어린이영어도서관,어린이도서관,마포구,서울특별시,40,37.555234999999996,21690,"37.555234999999996, 126.90568400000001"
190,6667.0,127.05058580000001,성북정보도서관,공공도서관,성북구,서울특별시,480,37.6049514,180835,"37.6049514, 127.05058580000001"
191,2018.0,127.01392859999999,아리랑도서관,공공도서관,성북구,서울특별시,274,37.60005935,148278,"37.60005935, 127.01392859999999"
192,342.0,127.00940259999999,해오름도서관,공공도서관,성북구,서울특별시,70,37.59290593,38922,"37.59290593, 127.00940259999999"
193,578.0,127.03522199999999,종암동새날도서관,공공도서관,성북구,서울특별시,110,37.599036100000006,38397,"37.599036100000006, 127.03522199999999"
194,126.0,127.0138628,서경로꿈마루도서관,작은도서관,성북구,서울특별시,30,37.61146229,8930,"37.61146229, 127.0138628"
195,542.0,127.06549220000001,석관동미리내도서관,공공도서관,성북구,서울특별시,89,37.613479299999995,30967,"37.613479299999995, 127.06549220000001"
196,829.0,127.03098929999999,달빛마루도서관,공공도서관,성북구,서울특별시,130,37.6050584,48346,"37.6050584, 127.03098929999999"
197,283.0,127.01058190000002,정릉도서관,공공도서관,성북구,서울특별시,81,37.60474125,25981,"37.60474125, 127.01058190000002"
198,462.0,127.0107732,청수도서관,공공도서관,성북구,서울특별시,95,37.61174732,30659,"37.61174732, 127.0107732"
199,693.0,127.01362490000001,아리랑어린이도서관,공공도서관,성북구,서울특별시,110,37.59883044,32484,"37.59883044, 127.01362490000001"
200,179.0,127.01683270000001,이음도서관,작은도서관,성북구,서울특별시,30,37.58941179999999,2501,"37.58941179999999, 127.01683270000001"
201,340.0,127.04136740000001,월곡꿈그림도서관,공공도서관,성북구,서울특별시,82,37.60507324,13586,"37.60507324, 127.04136740000001"
202,398.0,127.04583600000001,장위행복누림도서관,공공도서관,성북구,서울특별시,60,37.61589067,6391,"37.61589067, 127.04583600000001"
203,1396.94,127.026443,성북길빛도서관,공공도서관,성북구,서울특별시,250,37.60996089,153351,"37.60996089, 127.026443"
204,5574.0,127.0360815951,강북문화정보도서관,공공도서관,강북구,서울특별시,282,37.625174,239591,"37.625174, 127.0360815951"
205,1777.0,127.02155412129999,강북청소년문화정보도서관,공공도서관,강북구,서울특별시,154,37.6230802776,45693,"37.6230802776, 127.02155412129999"
206,944.0,127.012452,솔샘문화정보도서관,공공도서관,강북구,서울특별시,132,37.6204759388,55817,"37.6204759388, 127.012452"
207,511.0,127.0299391507,송중문화정보도서관,공공도서관,강북구,서울특별시,67,37.618342,31122,"37.618342, 127.0299391507"
208,951.0,127.01754299999999,수유문화정보도서관,공공도서관,강북구,서울특별시,152,37.6300509732,40459,"37.6300509732, 127.01754299999999"
209,2032.0,127.08480344719999,중곡문화체육센터도서관,공공도서관,광진구,서울특별시,259,37.5677777604,75764,"37.5677777604, 127.08480344719999"
210,103.0,127.055517,용답동어린이작은도서관,공공도서관,성동구,서울특별시,20,37.564066,6153,"37.564066, 127.055517"
211,29.0,127.068522,송정동늘푸른작은도서관,공공도서관,성동구,서울특별시,6,37.5510117564,5714,"37.5510117564, 127.068522"
212,99.0,127.055245898,성수2가제3동작은도서관,공공도서관,성동구,서울특별시,14,37.54822203,10969,"37.54822203, 127.055245898"
213,59.0,127.05405,성수2가제1동어린이작은도서관,공공도서관,성동구,서울특별시,30,37.539501,7657,"37.539501, 127.05405"
214,35.0,127.0443495423,성수1가제2동어린이작은도서관,공공도서관,성동구,서울특별시,16,37.5464030037,3603,"37.5464030037, 127.0443495423"
215,60.0,127.04968600000001,성수1가제1동작은도서관,공공도서관,성동구,서울특별시,20,37.542037,7707,"37.542037, 127.04968600000001"
216,24.0,127.01348600000001,옥수동북카페,공공도서관,성동구,서울특별시,5,37.54367,3862,"37.54367, 127.01348600000001"
217,134.0,127.02231,금호4가동어린이작은도서관,공공도서관,성동구,서울특별시,20,37.547171,7304,"37.547171, 127.02231"
218,77.0,127.02091109530001,"금호2,3가동어린이작은도서관",공공도서관,성동구,서울특별시,15,37.553233,8794,"37.553233, 127.02091109530001"
219,71.0,127.02163700000001,금호1가동우리동네북카페책단지꿀단지,공공도서관,성동구,서울특별시,28,37.554834,4285,"37.554834, 127.02163700000001"
220,84.0,127.033401,응봉동어린이작은도서관,공공도서관,성동구,서울특별시,18,37.553118,6379,"37.553118, 127.033401"
221,100.0,127.02936100000001,행당제2동어린이작은도서관,공공도서관,성동구,서울특별시,40,37.5582215718,11760,"37.5582215718, 127.02936100000001"
222,51.8,127.0453273317,사근동어린이놀이터도서관,공공도서관,성동구,서울특별시,20,37.5614997515,4964,"37.5614997515, 127.0453273317"
223,46.0,127.0454072202,마장동작은도서관,공공도서관,성동구,서울특별시,20,37.5663182489,4990,"37.5663182489, 127.0454072202"
224,50.58,127.0305138351,왕십리제2동작은도서관,공공도서관,성동구,서울특별시,7,37.561057,3293,"37.561057, 127.0305138351"
225,99.35,127.0255270951,왕십리도선동희망문고,공공도서관,성동구,서울특별시,35,37.567873934,6627,"37.567873934, 127.0255270951"
226,1189.55,127.0255270951,성동구립청계도서관,공공도서관,성동구,서울특별시,209,37.567873934,50359,"37.567873934, 127.0255270951"
227,9726.0,127.0469470775,성동구립성수도서관,공공도서관,성동구,서울특별시,212,37.5454289206,53180,"37.5454289206, 127.0469470775"
228,469.0,127.03696635870001,성동구립무지개도서관,공공도서관,성동구,서울특별시,148,37.56342359,45165,"37.56342359, 127.03696635870001"
229,1482.0,127.05131399999999,성동구립용답도서관,공공도서관,성동구,서울특별시,217,37.5666999281,86958,"37.5666999281, 127.05131399999999"
230,1517.0,127.0248931731,성동구립금호도서관,공공도서관,성동구,서울특별시,204,37.554128462600005,92738,"37.554128462600005, 127.0248931731"
231,5692.0,127.03495872959999,성동구립도서관,공공도서관,성동구,서울특별시,542,37.559178705,237775,"37.559178705, 127.03495872959999"
232,125.0,127.01952,성동자활센터푸른하늘공부방청소년작은도서관,공공도서관,성동구,서울특별시,30,37.546026,1804,"37.546026, 127.01952"
233,235.71,127.0760916014,평강마을도서관,작은도서관,광진구,서울특별시,50,37.5315743763,5317,"37.5315743763, 127.0760916014"
234,94.29,127.0880267748,푸른꿈도서관,작은도서관,광진구,서울특별시,20,37.5443638879,1700,"37.5443638879, 127.0880267748"
235,80.14,127.1017445096,광장현대파크빌도서관,작은도서관,광진구,서울특별시,17,37.5433581622,2921,"37.5433581622, 127.1017445096"
236,56.57,127.09078497280001,중곡교회작은도서관,작은도서관,광진구,서울특별시,12,37.5569649607,2628,"37.5569649607, 127.09078497280001"
237,94.29,127.0979156802,아름드리작은도서관,작은도서관,광진구,서울특별시,20,37.550536952,6566,"37.550536952, 127.0979156802"
238,235.71,127.0835680922,어린이도서관주영심나무,작은도서관,광진구,서울특별시,50,37.5562458875,3000,"37.5562458875, 127.0835680922"
239,165.0,127.0944524651,아차산아래작은도서관놀자,작은도서관,광진구,서울특별시,35,37.553855445,7192,"37.553855445, 127.0944524651"
240,56.57,127.088346475,하람도서관,작은도서관,광진구,서울특별시,12,37.5621277199,2003,"37.5621277199, 127.088346475"
241,84.86,127.0893601832,운룡도서관,작은도서관,광진구,서울특별시,18,37.554198183800004,15007,"37.554198183800004, 127.0893601832"
242,56.57,127.0897296411,더바움문화예술작은도서관,작은도서관,광진구,서울특별시,12,37.5414145366,3316,"37.5414145366, 127.0897296411"
243,94.29,127.0666556281,성신비전스쿨도서관,작은도서관,광진구,서울특별시,20,37.546460995,3434,"37.546460995, 127.0666556281"
244,37.71,127.0875991442,이룸도서관,작은도서관,광진구,서울특별시,8,37.557987296,3006,"37.557987296, 127.0875991442"
245,188.57,127.0916862939,사람아이앤지작은도서관,작은도서관,광진구,서울특별시,40,37.5499364826,4803,"37.5499364826, 127.0916862939"
246,117.86,127.0873539922,샘터작은도서관,작은도서관,광진구,서울특별시,25,37.5651522013,10310,"37.5651522013, 127.0873539922"
247,37.71,127.0696600373,국제문학작은도서관,작은도서관,광진구,서울특별시,8,37.550128127,2504,"37.550128127, 127.0696600373"
248,94.29,127.1056385177,사하라작은도서관,작은도서관,광진구,서울특별시,20,37.547611061,1202,"37.547611061, 127.1056385177"
249,70.71,127.1030121682,광장동새마을작은도서관,작은도서관,광진구,서울특별시,15,37.5468817706,4641,"37.5468817706, 127.1030121682"
250,28.29,127.0823942981,자양1동새마을작은도서관,작은도서관,광진구,서울특별시,6,37.5344965979,6413,"37.5344965979, 127.0823942981"
251,80.14,127.0843882252,자양2동새마을작은도서관,작은도서관,광진구,서울특별시,17,37.5288008634,9626,"37.5288008634, 127.0843882252"
252,94.29,127.0729033288,자양3동새마을작은도서관,작은도서관,광진구,서울특별시,20,37.5338324938,8405,"37.5338324938, 127.0729033288"
253,56.57,127.065111265,자양4동새마을작은도서관,작은도서관,광진구,서울특별시,12,37.5402629812,4345,"37.5402629812, 127.065111265"
254,47.14,127.0713178828,화양동새마을작은도서관,작은도서관,광진구,서울특별시,10,37.546537559099995,9031,"37.546537559099995, 127.0713178828"
255,47.14,127.0758892294,군자동새마을작은도서관,작은도서관,광진구,서울특별시,10,37.5551590639,5646,"37.5551590639, 127.0758892294"
256,94.29,127.0791900066,자양전통시장작은도서관,작은도서관,광진구,서울특별시,20,37.534383462,1430,"37.534383462, 127.0791900066"
257,56.57,127.07576557670001,날마다자라는나무,작은도서관,광진구,서울특별시,12,37.5313871777,11236,"37.5313871777, 127.07576557670001"
258,141.43,127.08225600950001,새빛작은도서관,작은도서관,광진구,서울특별시,30,37.536323923299996,8823,"37.536323923299996, 127.08225600950001"
259,235.71,127.0902072894,예드림작은도서관,작은도서관,광진구,서울특별시,50,37.543414391199995,8250,"37.543414391199995, 127.0902072894"
260,682.77,126.94895436350001,홍은도담도서관,공공도서관,서대문구,서울특별시,65,37.601701,50196,"37.601701, 126.94895436350001"
261,106.0,126.9623774124,알음알음작은도서관,작은도서관,서대문구,서울특별시,30,37.562901000000004,14735,"37.562901000000004, 126.9623774124"
262,165.0,126.9613145543,하늘샘작은도서관,작은도서관,서대문구,서울특별시,18,37.5696038711,7021,"37.5696038711, 126.9613145543"
263,90.0,126.9570370835,북아현마을 북카페,작은도서관,서대문구,서울특별시,35,37.559456,7592,"37.559456, 126.9570370835"
264,160.0,126.9308744982,아이누리작은도서관,작은도서관,서대문구,서울특별시,39,37.5693016535,12920,"37.5693016535, 126.9308744982"
265,80.0,126.9439055833,햇살작은도서관,작은도서관,서대문구,서울특별시,25,37.5932353499,8104,"37.5932353499, 126.9439055833"
266,91.0,126.9341521459,행복작은도서관,작은도서관,서대문구,서울특별시,25,37.5801082537,8575,"37.5801082537, 126.9341521459"
267,223.0,126.9308744982,논골작은도서관,작은도서관,서대문구,서울특별시,80,37.5693016535,5428,"37.5693016535, 126.9308744982"
268,125.0,126.94841005200001,새싹작은도서관,작은도서관,서대문구,서울특별시,40,37.5831643081,13478,"37.5831643081, 126.94841005200001"
269,85.0,126.94936812569999,꿈이있는작은도서관,작은도서관,서대문구,서울특별시,26,37.5861055644,8312,"37.5861055644, 126.94936812569999"
270,128.0,126.94969357040002,문화촌어린이도서관,작은도서관,서대문구,서울특별시,35,37.593746,14766,"37.593746, 126.94969357040002"
271,124.0,126.91978172549999,파랑새작은도서관,작은도서관,서대문구,서울특별시,48,37.5732734312,8808,"37.5732734312, 126.91978172549999"
272,84.0,126.9101357434,늘푸른열린작은도서관,작은도서관,서대문구,서울특별시,23,37.5743692999,6547,"37.5743692999, 126.9101357434"
273,16.0,126.9111777976,가슴따뜻한작은도서관,작은도서관,서대문구,서울특별시,18,37.581453,5485,"37.581453, 126.9111777976"
274,18.0,126.910948698,이팝꽃향기작은도서관,작은도서관,서대문구,서울특별시,6,37.5837366469,2434,"37.5837366469, 126.910948698"
275,169.71,127.06786537100001,파랑새작은도서관,작은도서관,노원구　,서울특별시,36,37.6574839423,0,"37.6574839423, 127.06786537100001"
276,2765.0,126.955548686,이진아기념도서관,공공도서관,서대문구,서울특별시,238,37.5729535429,172774,"37.5729535429, 126.955548686"
277,674.58,126.9240464952,남가좌새롬어린이도서관,공공도서관,서대문구,서울특별시,75,37.5783398402,65812,"37.5783398402, 126.9240464952"
278,117.86,127.08028476700001,책누리작은도서관,작은도서관,노원구　,서울특별시,25,37.6478031949,0,"37.6478031949, 127.08028476700001"
279,216.86,127.0774749928,책사랑북카페,작은도서관,노원구　,서울특별시,46,37.6525478478,0,"37.6525478478, 127.0774749928"
280,179.14,127.06873064610001,하늘작은도서관,작은도서관,노원구　,서울특별시,38,37.6421306904,0,"37.6421306904, 127.06873064610001"
281,141.43,127.07797557090001,중계사랑북카페,작은도서관,노원구　,서울특별시,30,37.6587642944,0,"37.6587642944, 127.07797557090001"
282,28.29,127.05496252379999,푸른숲작은도서관,작은도서관,노원구　,서울특별시,6,37.6799286708,0,"37.6799286708, 127.05496252379999"
283,18.86,127.0679509873,열린작은도서관,작은도서관,노원구　,서울특별시,4,37.6320437141,0,"37.6320437141, 127.0679509873"
284,1962.0,127.0561210123,월계문화정보도서관,공공도서관,노원구　,서울특별시,511,37.628636998699996,139981,"37.628636998699996, 127.0561210123"
285,2366.0,127.0519415788,상계문화정보도서관,공공도서관,노원구　,서울특별시,467,37.678528117199996,88614,"37.678528117199996, 127.0519415788"
286,1844.4,127.06500812450001,불암도서관,공공도서관,노원구　,서울특별시,410,37.661100289699995,33914,"37.661100289699995, 127.06500812450001"
287,937.0,127.0830475523,화랑도서관,공공도서관,노원구　,서울특별시,274,37.6215213438,62513,"37.6215213438, 127.0830475523"
288,359.37,127.0687815367,한내도서관,공공도서관,노원구　,서울특별시,120,37.6235883764,14853,"37.6235883764, 127.0687815367"
289,920.0,127.0687815367,향기나무도서관,공공도서관,노원구　,서울특별시,140,37.6235883764,12690,"37.6235883764, 127.0687815367"
290,691.0,127.0687815367,공릉도서관,공공도서관,노원구　,서울특별시,112,37.6235883764,20429,"37.6235883764, 127.0687815367"
291,2344.12,127.0687815367,월계어린이도서관,공공도서관,노원구　,서울특별시,80,37.6235883764,14748,"37.6235883764, 127.0687815367"
292,66.0,127.0628835944,꿈꾸는작은도서관,작은도서관,노원구　,서울특별시,14,37.6199913215,0,"37.6199913215, 127.0628835944"
293,84.86,127.0507811632,달내작은도서관,작은도서관,노원구　,서울특별시,18,37.632510053800004,0,"37.632510053800004, 127.0507811632"
294,84.86,127.0737487566,도란도란작은도서관,작은도서관,노원구　,서울특별시,18,37.6247782832,0,"37.6247782832, 127.0737487566"
295,37.71,127.08337804879999,책이랑친구랑작은도서관,작은도서관,노원구　,서울특별시,8,37.621286854000004,0,"37.621286854000004, 127.08337804879999"
296,70.71,127.0725588183,가재울작은도서관,작은도서관,노원구　,서울특별시,15,37.6405606854,0,"37.6405606854, 127.0725588183"
297,6526.0,127.06500812450001,노원정보도서관,공공도서관,노원구　,서울특별시,847,37.661100289699995,178955,"37.661100289699995, 127.06500812450001"
298,1361.88,127.0763790514,노원어린이도서관,공공도서관,노원구　,서울특별시,380,37.657950851500004,119203,"37.657950851500004, 127.0763790514"
299,8259.7,127.1348112,서울특별시교육청송파도서관,공공도서관,송파구,서울특별시,1044,37.49993098,235927,"37.49993098, 127.1348112"
300,110.0,126.88627997,목화마을공립작은도서관,작은도서관,영등포구,서울특별시,24,37.5189805683,7770,"37.5189805683, 126.88627997"
301,66.0,126.8980361789,대림3동공립작은도서관,작은도서관,영등포구,서울특별시,19,37.498301,10135,"37.498301, 126.8980361789"
302,34.0,126.8982518231,대림2동공립작은도서관,작은도서관,영등포구,서울특별시,16,37.492739810799996,10520,"37.492739810799996, 126.8982518231"
303,130.0,126.90620019139999,대림1동공립작은도서관,작은도서관,영등포구,서울특별시,24,37.4953953486,12651,"37.4953953486, 126.90620019139999"
304,39.0,126.9215136423,신길7동공립작은도서관,작은도서관,영등포구,서울특별시,18,37.506384999999995,7998,"37.506384999999995, 126.9215136423"
305,96.0,126.91242886110001,신길6동공립작은도서관,작은도서관,영등포구,서울특별시,30,37.4992023763,11365,"37.4992023763, 126.91242886110001"
306,66.0,126.905219788,신길5동공립작은도서관,작은도서관,영등포구,서울특별시,14,37.501614000000004,8822,"37.501614000000004, 126.905219788"
307,36.0,126.9112779842,신길4동공립작은도서관,작은도서관,영등포구,서울특별시,10,37.508428,7866,"37.508428, 126.9112779842"
308,40.0,126.90775061379999,신길3동공립작은도서관,작은도서관,영등포구,서울특별시,12,37.507284999999996,7045,"37.507284999999996, 126.90775061379999"
309,97.0,126.92144077469999,신길1동공립작은도서관,작은도서관,영등포구,서울특별시,25,37.511134999999996,13140,"37.511134999999996, 126.92144077469999"
310,36.0,126.89403772450001,양평2동공립작은도서관,작은도서관,영등포구,서울특별시,6,37.5364996477,5591,"37.5364996477, 126.89403772450001"
311,34.0,126.8882276932,양평1동공립작은도서관,작은도서관,영등포구,서울특별시,8,37.523615,6351,"37.523615, 126.8882276932"
312,80.0,126.89135718899999,문래동공립작은도서관,작은도서관,영등포구,서울특별시,50,37.5155327039,5760,"37.5155327039, 126.89135718899999"
313,1796.0,126.8908937629,문래정보문화도서관,공공도서관,영등포구,서울특별시,225,37.5168549495,69774,"37.5168549495, 126.8908937629"
314,1946.0,126.89607823950001,대림정보문화도서관,공공도서관,영등포구,서울특별시,188,37.5043176474,79216,"37.5043176474, 126.89607823950001"
315,74.0,126.9080504209,도림동공립작은도서관,작은도서관,영등포구,서울특별시,30,37.509966999999996,9075,"37.509966999999996, 126.9080504209"
316,33.0,126.9020869157,당산2동공립작은도서관,작은도서관,영등포구,서울특별시,10,37.534708199,6686,"37.534708199, 126.9020869157"
317,132.0,126.8984640301,당산1동공립작은도서관,작은도서관,영등포구,서울특별시,22,37.523058,5903,"37.523058, 126.8984640301"
318,62.0,126.93461424659999,여의동공립작은도서관,작은도서관,영등포구,서울특별시,20,37.517658000000004,9415,"37.517658000000004, 126.93461424659999"
319,194.0,126.902701312,영등포동공립작은도서관,작은도서관,영등포구,서울특별시,30,37.5251004299,6564,"37.5251004299, 126.902701312"
320,50.0,126.9170766384,신길2동(분소)공립작은도서관,작은도서관,영등포구,서울특별시,8,37.5136578488,10090,"37.5136578488, 126.9170766384"
321,65.0,126.90933868299999,영등포본동공립작은도서관,작은도서관,영등포구,서울특별시,8,37.514649,7994,"37.514649, 126.90933868299999"
322,128.0,126.90011174290001,영등포구지부공립작은도서관,작은도서관,영등포구,서울특별시,46,37.526010082,9825,"37.526010082, 126.90011174290001"
323,458.0,126.91991790889999,여의디지털도서관,공공도서관,영등포구,서울특별시,70,37.5221796951,17164,"37.5221796951, 126.91991790889999"
324,2340.0,126.8929379628,선유정보문화도서관,공공도서관,영등포구,서울특별시,204,37.533330738400004,75235,"37.533330738400004, 126.8929379628"
325,744.8,126.9659189,청운문학도서관,공공도서관,종로구,서울특별시,115,37.5903786,26823,"37.5903786, 126.9659189"
326,524.1,127.01711570000002,아름꿈도서관,공공도서관,종로구,서울특별시,97,37.5726975,24019,"37.5726975, 127.01711570000002"
327,511.6,126.9955389,어린이청소년국학도서관,공공도서관,종로구,서울특별시,80,37.5886859,11713,"37.5886859, 126.9955389"
328,224.0,126.9788134,작은도서관 삼봉서랑,작은도서관,종로구,서울특별시,67,37.573197799999996,14465,"37.573197799999996, 126.9788134"
329,206.3,126.98408540000001,삼청공원 숲속도서관,작은도서관,종로구,서울특별시,50,37.5879786,8493,"37.5879786, 126.98408540000001"
330,587.8,126.99023290000001,우리소리도서관,작은도서관,종로구,서울특별시,40,37.574493100000005,3903,"37.574493100000005, 126.99023290000001"
331,229.5,126.9705288,통인 어린이 작은도서관,작은도서관,종로구,서울특별시,50,37.5804256,16019,"37.5804256, 126.9705288"
332,107.9,127.02183959999999,도담도담 한옥도서관,작은도서관,종로구,서울특별시,30,37.5769278,7331,"37.5769278, 127.02183959999999"
333,127.0,126.9706225,청운효자동 북카페,작은도서관,종로구,서울특별시,41,37.5840909,7549,"37.5840909, 126.9706225"
334,38.5,126.96836680000001,꿈꾸는 평창동 작은도서관,작은도서관,종로구,서울특별시,13,37.606373600000005,6632,"37.606373600000005, 126.96836680000001"
335,43.2,126.95815959999999,무악다솜방,작은도서관,종로구,서울특별시,30,37.5759998,6167,"37.5759998, 126.95815959999999"
336,34.3,126.9619608,홍파랑 북카페,작은도서관,종로구,서울특별시,10,37.5719142,7098,"37.5719142, 126.9619608"
337,46.0,127.00503049999999,지혜만들기 작은도서관,작은도서관,종로구,서울특별시,16,37.572060799999996,7202,"37.572060799999996, 127.00503049999999"
338,90.0,127.00434709999999,이화마을 작은도서관,작은도서관,종로구,서울특별시,32,37.5769802,8731,"37.5769802, 127.00434709999999"
339,47.2,127.00056609999999,혜화마을 북카페,작은도서관,종로구,서울특별시,16,37.5868552,6144,"37.5868552, 127.00056609999999"
340,64.0,127.0108719,창이 작은도서관,작은도서관,종로구,서울특별시,22,37.5744498,6606,"37.5744498, 127.0108719"
341,69.0,127.01562709999999,숭인마루 작은도서관,작은도서관,종로구,서울특별시,18,37.577822600000005,6210,"37.577822600000005, 127.01562709999999"
342,492.0,126.85591200000002,개봉어린이도서관,공공도서관,구로구,서울특별시,77,37.496705,33960,"37.496705, 126.85591200000002"
343,521.0,126.8813483,하늘도서관,공공도서관,구로구,서울특별시,105,37.48737567,29002,"37.48737567, 126.8813483"
344,275.0,126.8579748,개봉도서관,공공도서관,구로구,서울특별시,74,37.48952311,21020,"37.48952311, 126.8579748"
345,441.0,126.84562700000001,글마루한옥어린이도서관,공공도서관,구로구,서울특별시,60,37.50691506,28499,"37.50691506, 126.84562700000001"
346,660.0,126.82926140000001,궁동어린이도서관,공공도서관,구로구,서울특별시,150,37.502239,18885,"37.502239, 126.82926140000001"
347,107.0,126.88059299999999,신도림어린이영어작은도서관,공공도서관,구로구,서울특별시,20,37.50778089,14461,"37.50778089, 126.88059299999999"
348,1210.0,126.87731200000002,구로기적의도서관,공공도서관,구로구,서울특별시,41,37.50673603,17618,"37.50673603, 126.87731200000002"
349,306.49,126.84232279999999,오류도서관,공공도서관,구로구,서울특별시,72,37.49722308,1500,"37.49722308, 126.84232279999999"
350,638.0,126.88655929999999,꿈나무도서관,공공도서관,구로구,서울특별시,87,37.48987838,68676,"37.48987838, 126.88655929999999"
351,476.0,126.890156,꿈마을도서관,공공도서관,구로구,서울특별시,113,37.487167,18648,"37.487167, 126.890156"
352,460.0,126.8865524,구로구립온누리도서관,공공도서관,구로구,서울특별시,68,37.49746124,29700,"37.49746124, 126.8865524"
353,100.0,126.908929,나누리 작은도서관,작은도서관,금천구,서울특별시,30,37.45310408,8232,"37.45310408, 126.908929"
354,91.14,126.9058063383,마루한 작은도서관,작은도서관,금천구,서울특별시,30,37.4525952686,1800,"37.4525952686, 126.9058063383"
355,2205.0,126.9081069,금천구립독산도서관,공공도서관,금천구,서울특별시,408,37.467565,123498,"37.467565, 126.9081069"
356,100.6,126.89704340000002,해오름작은도서관,작은도서관,금천구,서울특별시,24,37.47022076,8424,"37.47022076, 126.89704340000002"
357,262.34,126.88654960000001,참새작은도서관,작은도서관,금천구,서울특별시,12,37.45738796,5577,"37.45738796, 126.88654960000001"
358,148.57,126.89973700000002,미래향기작은도서관,작은도서관,금천구,서울특별시,31,37.46611089,2545,"37.46611089, 126.89973700000002"
359,104.98,126.90317309999999,청개구리작은도서관,작은도서관,금천구,서울특별시,33,37.475136,10806,"37.475136, 126.90317309999999"
360,215.6,126.902133,꿈씨어린이작은도서관,작은도서관,금천구,서울특별시,50,37.46755452,16207,"37.46755452, 126.902133"
361,99.0,126.9032507,맑은누리작은도서관,작은도서관,금천구,서울특별시,24,37.453534000000005,9514,"37.453534000000005, 126.9032507"
362,299.25,126.90580349999999,꿈꾸는작은도서관,작은도서관,금천구,서울특별시,10,37.440257,6028,"37.440257, 126.90580349999999"
363,62.0,126.906172,도란도란작은도서관,작은도서관,금천구,서울특별시,14,37.458965,9663,"37.458965, 126.906172"
364,33.0,126.9083063,책읽는주민사랑방작은도서관,작은도서관,금천구,서울특별시,10,37.452373,3886,"37.452373, 126.9083063"
365,45.3,126.88799966139999,책이든거리작은도서관,작은도서관,금천구,서울특별시,16,37.46683555,5091,"37.46683555, 126.88799966139999"
366,59.4,126.894003,우리울 작은도서관,작은도서관,금천구,서울특별시,33,37.46493455,1300,"37.46493455, 126.894003"
367,76.39,126.89284359999999,롯데캐슬1차 작은도서관,작은도서관,금천구,서울특별시,30,37.46005722,2500,"37.46005722, 126.89284359999999"
368,59.0,126.8992884,지혜의숲 작은도서관,작은도서관,금천구,서울특별시,16,37.46181446,9071,"37.46181446, 126.8992884"
369,60.0,126.904183,책읽는마을 작은도서관,작은도서관,금천구,서울특별시,30,37.46865174,6573,"37.46865174, 126.904183"
370,34.0,126.90023300000001,트리니티 작은도서관,작은도서관,금천구,서울특별시,12,37.45717329,1320,"37.45717329, 126.90023300000001"
371,307.0,126.89837299999999,산돌어린이도서관,작은도서관,금천구,서울특별시,180,37.45760055,1400,"37.45760055, 126.89837299999999"
372,111.35,126.90379640000002,소망의나무어린이 작은도서관,작은도서관,금천구,서울특별시,20,37.45455245,6579,"37.45455245, 126.90379640000002"
373,102.94,126.913703,은행나무어린이도서관,작은도서관,금천구,서울특별시,40,37.45228958,11101,"37.45228958, 126.913703"
374,99.17,126.90482990000001,길빛 작은도서관,작은도서관,금천구,서울특별시,20,37.44883366,3000,"37.44883366, 126.90482990000001"
375,79.4,126.9034346,샘솟는 작은도서관,작은도서관,금천구,서울특별시,35,37.46523095,1700,"37.46523095, 126.9034346"
376,198.96,126.88365300000001,와서 작은도서관,작은도서관,금천구,서울특별시,30,37.483792,2039,"37.483792, 126.88365300000001"
377,2190.0,126.91461129999999,금천구립시흥도서관,공공도서관,금천구,서울특별시,364,37.449695,75262,"37.449695, 126.91461129999999"
378,918.19,126.8960352,금천구립금나래도서관,공공도서관,금천구,서울특별시,321,37.45706511,74102,"37.45706511, 126.8960352"
379,2215.0,126.892128,금천구립가산도서관,공공도서관,금천구,서울특별시,350,37.47349244,83001,"37.47349244, 126.892128"
380,75.43,127.0899222098,구의2동새마을작은도서관,작은도서관,광진구,서울특별시,16,37.547242052,5980,"37.547242052, 127.0899222098"
381,305.0,127.0919839534,구의제3동도서관,공공도서관,광진구,서울특별시,64,37.537992607,23558,"37.537992607, 127.0919839534"
382,56.57,127.0800508301,중곡1동새마을작은도서관,작은도서관,광진구,서울특별시,12,37.5606668136,10619,"37.5606668136, 127.0800508301"
383,47.14,127.08147635120001,중곡2동새마을작은도서관,작은도서관,광진구,서울특별시,10,37.5601504684,5687,"37.5601504684, 127.08147635120001"
384,141.43,127.08013651379999,중곡3동새마을작은도서관,작은도서관,광진구,서울특별시,30,37.568808155300005,4335,"37.568808155300005, 127.08013651379999"
385,117.86,127.0894339436,중곡4동새마을작은도서관,작은도서관,광진구,서울특별시,25,37.5590995526,5280,"37.5590995526, 127.0894339436"
386,47.14,127.0805504482,능동새마을작은도서관,작은도서관,광진구,서울특별시,10,37.5537612317,7368,"37.5537612317, 127.0805504482"
387,37.71,127.08566644950001,구의1동새마을작은도서관,작은도서관,광진구,서울특별시,8,37.5424915454,5738,"37.5424915454, 127.08566644950001"
388,450.0,127.08445994,열린도서관,공공도서관,강남구,서울특별시,80,37.484020869,29362,"37.484020869, 127.08445994"
389,96.0,127.06260935,삼성도서관,작은도서관,강남구,서울특별시,64,37.514355126,22528,"37.514355126, 127.06260935"
390,1056.0,127.09658259,못골도서관,공공도서관,강남구,서울특별시,196,37.47153801,40052,"37.47153801, 127.09658259"
391,372.0,127.09972763,못골한옥어린이도서관,어린이도서관,강남구,서울특별시,68,37.473304981,17790,"37.473304981, 127.09972763"
392,178.0,126.854773,고맙습니다 작은도서관,작은도서관,양천구,서울특별시,50,37.5151474248,10107,"37.5151474248, 126.854773"
393,183.0,126.841571,넓은들작은도서관,작은도서관,양천구,서울특별시,20,37.5114326403,10165,"37.5114326403, 126.841571"
394,63.0,126.87111999999999,목1동도서방 (목1동주민센터 2층),작은도서관,양천구,서울특별시,12,37.530392,6005,"37.530392, 126.87111999999999"
395,112.0,126.8409606665,신월6동도서방 (신월6동주민센터 2층),작은도서관,양천구,서울특별시,36,37.514545762800005,11101,"37.514545762800005, 126.8409606665"
396,34.5,126.834709782,신월7동도서방 (신월7동주민센터 2층),작은도서관,양천구,서울특별시,10,37.5218821521,5824,"37.5218821521, 126.834709782"
397,148.7,126.86438829209999,신정6동도서방 (신정6동주민센터 2층),작은도서관,양천구,서울특별시,12,37.517081,13484,"37.517081, 126.86438829209999"
398,40.0,126.8596695756,신정7동도서방 (신정7동주민센터 2층),작은도서관,양천구,서울특별시,10,37.514474,10207,"37.514474, 126.8596695756"
399,121.0,127.10691151,세곡도서관,작은도서관,강남구,서울특별시,26,37.469049536,26775,"37.469049536, 127.10691151"
400,73.0,127.05677492,대치1작은도서관,작은도서관,강남구,서울특별시,26,37.493245715,20291,"37.493245715, 127.05677492"
401,121.92,127.04647729,역삼2동작은도서관,작은도서관,강남구,서울특별시,18,37.495891968,12136,"37.495891968, 127.04647729"
402,33.0,127.02279711,신사동작은도서관,작은도서관,강남구,서울특별시,6,37.523974213,6609,"37.523974213, 127.02279711"
403,33.0,127.02445419,압구정동작은도서관,작은도서관,강남구,서울특별시,9,37.526785009,8093,"37.526785009, 127.02445419"
404,34.0,127.04641546,도곡2동 작은도서관,작은도서관,강남구,서울특별시,25,37.4837230766,6151,"37.4837230766, 127.04641546"
405,33.0,127.05165832,개포4동작은도서관,작은도서관,강남구,서울특별시,8,37.478821120999996,8488,"37.478821120999996, 127.05165832"
406,33.0,127.08648081,일원본동 작은도서관,작은도서관,강남구,서울특별시,6,37.483377889,9290,"37.483377889, 127.08648081"
407,33.0,127.10499042,수서동 작은도서관,작은도서관,강남구,서울특별시,6,37.488902286999995,6479,"37.488902286999995, 127.10499042"
408,33.0,127.08802844,일원1동 작은도서관,작은도서관,강남구,서울특별시,12,37.491853426999995,2318,"37.491853426999995, 127.08802844"
409,2930.0,127.03887868,도곡정보문화도서관,공공도서관,강남구,서울특별시,600,37.488311835,101295,"37.488311835, 127.03887868"
410,450.0,127.03720420479999,논현도서관,공공도서관,강남구,서울특별시,190,37.517277909,44920,"37.517277909, 127.03720420479999"
411,307.0,127.0464419,정다운도서관,공공도서관,강남구,서울특별시,66,37.519098264,45417,"37.519098264, 127.0464419"
412,348.0,127.04929191,청담도서관,공공도서관,강남구,서울특별시,72,37.525090578000004,30232,"37.525090578000004, 127.04929191"
413,580.0,127.06591734,대치도서관,공공도서관,강남구,서울특별시,143,37.49961649,54800,"37.49961649, 127.06591734"
414,325.0,127.05784739,즐거운도서관,공공도서관,강남구,서울특별시,94,37.499728838,36254,"37.499728838, 127.05784739"
415,434.0,127.06418712,행복한도서관,공공도서관,강남구,서울특별시,142,37.502306044,42986,"37.502306044, 127.06418712"
416,568.0,127.03203001,역삼푸른솔도서관,공공도서관,강남구,서울특별시,134,37.49649864,37263,"37.49649864, 127.03203001"
417,396.0,127.03328248,역삼도서관,공공도서관,강남구,서울특별시,115,37.495373838,33824,"37.495373838, 127.03328248"
418,169.0,127.02932278,논현정보도서관,작은도서관,강남구,서울특별시,22,37.513863518,20457,"37.513863518, 127.02932278"
419,333.0,127.0662599419,자양제4동도서관,공공도서관,광진구,서울특별시,98,37.5340958963,27504,"37.5340958963, 127.0662599419"
420,1641.0,126.848899,곰달래도서관,공공도서관,강서구,서울특별시,417,37.52905871,60677,"37.52905871, 126.848899"
421,2281.0,126.84237549999999,등빛도서관,공공도서관,강서구,서울특별시,386,37.56245560000001,93818,"37.56245560000001, 126.84237549999999"
422,1535.0,126.8655601,가양도서관,공공도서관,강서구,서울특별시,411,37.55996148,48726,"37.55996148, 126.8655601"
423,282.86,126.8447061,도란도란쉼터작은도서관,작은도서관,강서구,서울특별시,60,37.56948645,10959,"37.56948645, 126.8447061"
424,165.0,126.851271,허준마을작은도서관,작은도서관,강서구,서울특별시,35,37.56739738,8775,"37.56739738, 126.851271"
425,94.29,126.86055990000001,도리샘작은도서관,작은도서관,강서구,서울특별시,20,37.56108734,6809,"37.56108734, 126.86055990000001"
426,226.29,126.8331787,책향기작은도서관,작은도서관,강서구,서울특별시,48,37.55311585,10855,"37.55311585, 126.8331787"
427,141.43,126.8100731,송정작은도서관,작은도서관,강서구,서울특별시,30,37.55878245,7143,"37.55878245, 126.8100731"
428,235.71,126.81705290000001,글벗누리작은도서관,작은도서관,강서구,서울특별시,50,37.57034422,10061,"37.57034422, 126.81705290000001"
429,141.43,126.8067388,채움작은도서관,작은도서관,강서구,서울특별시,30,37.56672021,7288,"37.56672021, 126.8067388"
430,160.29,126.8136588,방그리나작은도서관,작은도서관,강서구,서울특별시,34,37.57871815,5991,"37.57871815, 126.8136588"
431,282.86,126.82552150000001,수명산작은도서관,작은도서관,강서구,서울특별시,60,37.5541175,9796,"37.5541175, 126.82552150000001"
432,155.57,126.8667223,옹기종기작은도서관,작은도서관,강서구,서울특별시,33,37.55302513,6942,"37.55302513, 126.8667223"
433,169.71,126.82016770000001,해뜰작은도서관,작은도서관,강서구,서울특별시,36,37.57424491,8760,"37.57424491, 126.82016770000001"
434,141.43,126.8057278,꿈자람책놀이터작은도서관,작은도서관,강서구,서울특별시,30,37.57071896,13007,"37.57071896, 126.8057278"
435,235.71,126.84850800000001,초록동작은도서관,작은도서관,강서구,서울특별시,50,37.54114963,4544,"37.54114963, 126.84850800000001"
436,226.29,126.8535176,가람작은도서관,작은도서관,강서구,서울특별시,48,37.56462873,5798,"37.56462873, 126.8535176"
437,94.29,126.8385211,솔뫼작은도서관,작은도서관,강서구,서울특별시,20,37.53802615,4220,"37.53802615, 126.8385211"
438,855.0,126.87331840000002,꿈꾸는어린이도서관,공공도서관,강서구,서울특별시,220,37.54733808,81011,"37.54733808, 126.87331840000002"
439,601.0,126.841835,우장산숲속도서관,공공도서관,강서구,서울특별시,129,37.5482876,54459,"37.5482876, 126.841835"
440,539.0,126.8136588,길꽃어린이도서관,공공도서관,강서구,서울특별시,200,37.57871815,80317,"37.57871815, 126.8136588"
441,707.0,126.8351800028,푸른들청소년도서관,공공도서관,강서구,서울특별시,212,37.5446709,74621,"37.5446709, 126.8351800028"
442,541.0,126.8608037,강서영어도서관,공공도서관,강서구,서울특별시,177,37.53468478,46176,"37.53468478, 126.8608037"
443,2678.0,126.8673121272,갈산도서관,공공도서관,양천구,서울특별시,95,37.508815999999996,44700,"37.508815999999996, 126.8673121272"
444,840.0,126.84006699999999,신월음악도서관,공공도서관,양천구,서울특별시,230,37.5246970658,55830,"37.5246970658, 126.84006699999999"
445,266.0,126.86546299999999,미감도서관,공공도서관,양천구,서울특별시,60,37.538939,15227,"37.538939, 126.86546299999999"
446,543.0,126.881721,목마교육도서관,공공도서관,양천구,서울특별시,70,37.537144,32022,"37.537144, 126.881721"
447,416.0,126.856602469,개울건강도서관,공공도서관,양천구,서울특별시,36,37.525988,25164,"37.525988, 126.856602469"
448,294.0,126.82714299999999,방아다리문학도서관,공공도서관,양천구,서울특별시,84,37.538543,28571,"37.538543, 126.82714299999999"
449,1146.0,126.8356073444,해맞이역사도서관,공공도서관,양천구,서울특별시,160,37.5190758825,23876,"37.5190758825, 126.8356073444"
450,715.0,126.86386499999999,영어특성화도서관,공공도서관,양천구,서울특별시,100,37.515935999999996,63007,"37.515935999999996, 126.86386499999999"
451,177.0,126.87170002270001,달마을작은도서관,작은도서관,양천구,서울특별시,60,37.546114,10994,"37.546114, 126.87170002270001"
452,168.0,126.864407,꿈자람 작은도서관,작은도서관,양천구,서울특별시,50,37.544781,11212,"37.544781, 126.864407"
453,161.0,126.831562,고운달 작은도서관,작은도서관,양천구,서울특별시,44,37.532804994,6349,"37.532804994, 126.831562"
454,89.0,126.8445676534,고운맘 작은도서관,작은도서관,양천구,서울특별시,30,37.5249733583,9845,"37.5249733583, 126.8445676534"
455,132.0,126.82909599999999,달빛마을 작은도서관,작은도서관,양천구,서울특별시,33,37.533662,8002,"37.533662, 126.82909599999999"
456,81.0,126.826659,지양마을 작은도서관,작은도서관,양천구,서울특별시,20,37.521851,4751,"37.521851, 126.826659"
457,218.0,126.854299,그린나래미술도서관,작은도서관,양천구,서울특별시,40,37.518570614299996,8836,"37.518570614299996, 126.854299"
458,98.0,126.87056499999998,호롱불작은도서관,작은도서관,양천구,서울특별시,35,37.519195,7966,"37.519195, 126.87056499999998"
459,264.0,126.86250430000001,등마루골작은도서관,작은도서관,강서구,서울특별시,56,37.54265881,8036,"37.54265881, 126.86250430000001"
460,141.43,126.84791969999999,큰마음작은도서관,작은도서관,강서구,서울특별시,30,37.55888772,6930,"37.55888772, 126.84791969999999"
461,132.0,126.84766470000001,초록향기작은도서관,작은도서관,강서구,서울특별시,28,37.54404976,7977,"37.54404976, 126.84766470000001"
462,141.43,126.84159199999999,꿈터작은도서관,작은도서관,강서구,서울특별시,30,37.53050876,8535,"37.53050876, 126.84159199999999"
463,141.43,126.8544869,옹달샘작은도서관,작은도서관,강서구,서울특별시,30,37.5318264,7200,"37.5318264, 126.8544869"
464,235.71,126.8384119,책마루작은도서관,작은도서관,강서구,서울특별시,50,37.54252739,9384,"37.54252739, 126.8384119"
465,94.29,126.8608037,볏고을작은도서관,작은도서관,강서구,서울특별시,20,37.53468478,8092,"37.53468478, 126.8608037"
466,282.86,126.8500753,역마을작은도서관,작은도서관,강서구,서울특별시,60,37.55181585,6089,"37.55181585, 126.8500753"
467,212.14,126.84833049999999,배다리작은도서관,작은도서관,강서구,서울특별시,45,37.53269442,9341,"37.53269442, 126.84833049999999"
468,165.0,126.8431963,내발산작은도서관,작은도서관,강서구,서울특별시,35,37.55749761,10469,"37.55749761, 126.8431963"
469,1035.0,127.1333283,성내도서관,공공도서관,강동구,서울특별시,0,37.53284628,80321,"37.53284628, 127.1333283"
470,1932.0,127.12553837870001,해공도서관,공공도서관,강동구,서울특별시,72,37.5439476727,103098,"37.5439476727, 127.12553837870001"
471,1208.0,127.17390630000001,강일도서관,공공도서관,강동구,서울특별시,96,37.5650504,95848,"37.5650504, 127.17390630000001"
472,1759.0,127.13334569999999,암사도서관,공공도서관,강동구,서울특별시,108,37.552800700000006,92741,"37.552800700000006, 127.13334569999999"
473,997.0,127.1340837,천호도서관,공공도서관,강동구,서울특별시,0,37.54052196,39449,"37.54052196, 127.1340837"
474,751.0,127.026981,미아문화정보도서관,공공도서관,강북구,서울특별시,140,37.627063,38386,"37.627063, 127.026981"
475,2389.0,127.02074086280001,삼각산어린이도서관,공공도서관,강북구,서울특별시,182,37.615148126,22114,"37.615148126, 127.02074086280001"
476,188.57,126.8709672,아리향기작은도서관,작은도서관,강서구,서울특별시,40,37.55377226,9465,"37.55377226, 126.8709672"
477,75.43,126.8589084,생각열매작은도서관,작은도서관,강서구,서울특별시,16,37.55582716,8325,"37.55582716, 126.8589084"
478,94.29,127.06197830459999,한내행복발전소,작은도서관,노원구　,서울특별시,20,37.6265077394,0,"37.6265077394, 127.06197830459999"
479,188.57,127.08941637299999,육사작은도서관,작은도서관,노원구　,서울특별시,40,37.6201219612,0,"37.6201219612, 127.08941637299999"
480,183.86,127.08323627700001,수락작은도서관,작은도서관,노원구　,서울특별시,39,37.6729096975,0,"37.6729096975, 127.08323627700001"
481,56.57,127.0693664138,해솔작은도서관,작은도서관,노원구　,서울특별시,12,37.662979056,0,"37.662979056, 127.0693664138"
482,47.14,127.0515525307,반디작은도서관,작은도서관,노원구　,서울특별시,10,37.6667362667,0,"37.6667362667, 127.0515525307"
483,94.29,127.0638187842,한울작은도서관,작은도서관,노원구　,서울특별시,20,37.6645210633,0,"37.6645210633, 127.0638187842"
484,51.86,127.0602618665,가온작은도서관,작은도서관,노원구　,서울특별시,11,37.6612866101,0,"37.6612866101, 127.0602618665"
485,160.29,127.06980136709998,노원문화원,작은도서관,노원구　,서울특별시,34,37.6287990843,0,"37.6287990843, 127.06980136709998"
486,282.86,127.0515525307,상계숲속작은도서관,작은도서관,노원구　,서울특별시,60,37.6667362667,0,"37.6667362667, 127.0515525307"
487,235.71,127.04442759770001,초안산숲속작은도서관,작은도서관,노원구　,서울특별시,50,37.632080144,0,"37.632080144, 127.04442759770001"
488,2985.0,127.03362670700001,양재도서관,공공도서관,서초구,서울특별시,405,37.473627,41261,"37.473627, 127.03362670700001"
489,364.43,127.024905,서이도서관,공공도서관,서초구,서울특별시,100,37.4920709977,28410,"37.4920709977, 127.024905"
490,313.74,127.013922,잠원도서관,공공도서관,서초구,서울특별시,80,37.5149691587,21968,"37.5149691587, 127.013922"
491,264.0,126.999945,방배도서관,공공도서관,서초구,서울특별시,60,37.4784395733,16302,"37.4784395733, 126.999945"
492,316.06,127.0051019651,서초그림책도서관,공공도서관,서초구,서울특별시,100,37.490693,13911,"37.490693, 127.0051019651"
493,3593.48,127.01253500000001,반포도서관,공공도서관,서초구,서울특별시,450,37.502488605100005,141061,"37.502488605100005, 127.01253500000001"
494,1528.0,127.0544427011,내곡도서관,공공도서관,서초구,서울특별시,250,37.4520021701,52700,"37.4520021701, 127.0544427011"
495,7283.0,127.1106136855,광진정보도서관,공공도서관,광진구,서울특별시,1295,37.5510735461,280754,"37.5510735461, 127.1106136855"
496,94.29,126.9263939,사랑꿈터 작은 도서관,작은도서관,은평구,서울특별시,20,37.6463962,4000,"37.6463962, 126.9263939"
497,1104.0,126.9654268,용산 꿈나무도서관,공공도서관,용산구,서울특별시,150,37.5385513,36597,"37.5385513, 126.9654268"
498,94.29,126.9280755,상림6 작은도서관,작은도서관,은평구,서울특별시,20,37.6490888,8701,"37.6490888, 126.9280755"
499,94.29,126.9288736,은평뉴타운 상림마을  제7단지 문고(푸른꿈),작은도서관,은평구,서울특별시,20,37.6442098,6024,"37.6442098, 126.9288736"
500,169.71,126.9356033,은평뉴타운5단지,작은도서관,은평구,서울특별시,36,37.6362597,4001,"37.6362597, 126.9356033"
501,94.29,126.9290277,모퉁이작은도서관(은평뉴타운 상림마을 14단지 마을문고),작은도서관,은평구,서울특별시,20,37.6440244,5283,"37.6440244, 126.9290277"
502,150.86,127.1012726,롯데캐슬문고,작은도서관,은평구,서울특별시,32,37.5142479,6406,"37.5142479, 127.1012726"
503,165.0,126.9290277,상림책마루작은도서관,작은도서관,은평구,서울특별시,35,37.6440244,5700,"37.6440244, 126.9290277"
504,94.29,126.927747,우물골작은도서관,작은도서관,은평구,서울특별시,20,37.6342946,5203,"37.6342946, 126.927747"
505,259.29,126.8511041,큰꿈(을 키우는 작은)도서관,작은도서관,은평구,서울특별시,55,37.2797194,8912,"37.2797194, 126.8511041"
506,132.0,127.0666219,래미안 푸른숲 도서관,작은도서관,은평구,서울특별시,28,37.2811768,7000,"37.2811768, 127.0666219"
507,141.43,127.1220628,두드림 도서관,작은도서관,은평구,서울특별시,30,37.3829909,6934,"37.3829909, 127.1220628"
508,75.43,126.9421554,종이책갈피 작은도서관,작은도서관,은평구,서울특별시,16,37.5558027,4110,"37.5558027, 126.9421554"
509,117.86,126.8801473,푸른작은도서관,작은도서관,은평구,서울특별시,25,37.4144043,6126,"37.4144043, 126.8801473"
510,56.57,126.7783032,솔빛도서관,작은도서관,은평구,서울특별시,12,37.7712841,1628,"37.7712841, 126.7783032"
511,75.43,127.4914009,샘터작은도서관,작은도서관,은평구,서울특별시,16,37.246472,5282,"37.246472, 127.4914009"
512,282.86,126.92207614232784,책뜰에도서관,작은도서관,은평구,서울특별시,60,37.64329638160066,7000,"37.64329638160066, 126.92207614232784"
513,188.57,126.9343788,숲속 향기 작은도서관,작은도서관,은평구,서울특별시,40,37.6356894,5920,"37.6356894, 126.9343788"
514,94.29,127.9220033,지혜누리작은도서관,작은도서관,은평구,서울특별시,20,37.3398891,2556,"37.3398891, 127.9220033"
515,273.43,126.9338975,산책마을 SH작은도서관,작은도서관,은평구,서울특별시,58,37.6335037,8599,"37.6335037, 126.9338975"
516,141.43,126.9250897,나누리작은도서관,작은도서관,은평구,서울특별시,30,37.6325169,2500,"37.6325169, 126.9250897"
517,141.43,126.918633,두근두근작은도서관 (마고정 3단지 도서관),작은도서관,은평구,서울특별시,30,37.6324903,2400,"37.6324903, 126.918633"
518,78.0,126.9297365,물푸레작은도서관,작은도서관,은평구,서울특별시,35,37.6436577,5000,"37.6436577, 126.9297365"
519,47.14,126.948206,새자람작은도서관,작은도서관,은평구,서울특별시,10,37.6555415,1200,"37.6555415, 126.948206"
520,141.43,126.9165033,포수마을 만화도서관,작은도서관,은평구,서울특별시,30,37.5990065,2051,"37.5990065, 126.9165033"
521,103.71,126.9235298,백련산힐스 작은도서관,작은도서관,은평구,서울특별시,22,37.5969178,3000,"37.5969178, 126.9235298"
522,235.71,126.9070533,영광영재도서관,작은도서관,은평구,서울특별시,50,37.602983,7058,"37.602983, 126.9070533"
523,141.43,126.9050141,물빛마을작은도서관,작은도서관,은평구,서울특별시,30,35.105025,7903,"35.105025, 126.9050141"
524,94.29,126.9003323,수색한숲도서관,작은도서관,은평구,서울특별시,20,37.5865949,4007,"37.5865949, 126.9003323"
525,198.0,126.9166613,다섯콩작은도서관,작은도서관,은평구,서울특별시,42,37.6236469,11661,"37.6236469, 126.9166613"
526,235.71,126.967887,어린이도서관 동네북,작은도서관,은평구,서울특별시,50,37.576478,11899,"37.576478, 126.967887"
527,188.57,126.9366945,북한산 힐스테이트  1차 솔숲문고,작은도서관,은평구,서울특별시,40,37.6126118,7015,"37.6126118, 126.9366945"
528,61.03,127.1405894,책달샘숲속작은도서관,작은도서관,금천구,서울특별시,14,35.8471872,2160,"35.8471872, 127.1405894"
529,1650.0,127.0779724,자양한강도서관,공공도서관,광진구,서울특별시,370,37.5296093,26139,"37.5296093, 127.0779724"
530,94.29,127.0601291,KB국민은행과 함께하는 나무작은도서관,작은도서관,노원구　,서울특별시,20,37.6538637,0,"37.6538637, 127.0601291"
531,66.0,127.057942,메아리작은도서관,작은도서관,노원구　,서울특별시,14,37.6530716,0,"37.6530716, 127.057942"
